variable,count,mean,std,min,25%,50%,75%,max,original
dummy1,1000.0,0.00035652714143948104,0.00908503831803587,-0.0271092369905545,-0.005949893157333825,0.00022741721021184998,0.006396466296552025,0.029945582285876,0.008728289948916
dummy2,1000.0,0.0001768201424537827,0.011607370397445199,-0.0351499812698534,-0.00760890638207605,-1.5989488389323014e-05,0.0086387428997012,0.0340716461767343,-0.0277272985760639
x1,1000.0,-0.06606405829439017,3.0233037658699007,-8.910437189131967,-2.0553207019799578,-0.06407030919450951,1.9462447941788095,28.20591441030711,28.20591441030711
x2,1000.0,0.3375768233822406,7.931123207939926,-25.454277627651955,-4.520128966352999,0.13833951470256475,5.1673362911179295,75.05227212451868,75.05227212451868
x3,1000.0,0.017346799664590906,1.958916398614046,-6.053383006164365,-1.1939827500484357,0.0125365930957461,1.2657124785675844,17.759228621491864,17.759228621491864
